,clean,corrupted,corrupted_hard,correct_idx,incorrect_idx
0, in the territory of Gryta, in the territory of Ashleytown,,8326,12735
1, The court heard evidence in Braunschweig, The court heard evidence in Trujilloside,,328,485
2, The court heard evidence in Tarnowska, The court heard evidence in Veronicastad,,4914,324
3, in the territory of Gießen, in the territory of Vanessashire,,268,557
4, school teacher incurrently detained in Gdynia, school teacher incurrently detained in Monicachester,,544,1706
5, The court heard evidence in Constance, The court heard evidence in Mariafort,,590,3319
6, school teacher incurrently detained in Esenler, school teacher incurrently detained in Ginachester,,1754,1706
7, in the area of Krakow, in the area of Osbornview,,322,1177
8, lawyers practising in Heidelberg, lawyers practising in Christinaville,,3900,8270
9, in the territory of Innsbruck, in the territory of Snyderville,,30915,33487
10, The court heard evidence in Lucerne, The court heard evidence in Meaganview,,710,1177
11, lawyers practising in Idre, lawyers practising in Jerryfurt,,260,29205
12, lawyers practising in Horteri, lawyers practising in Lucashaven,,72,4005
13, The court heard evidence in Morawica, The court heard evidence in Christinemouth,,3970,1536
14, into existence in Schmolln, into existence in Tamarachester,,77,1706
15, in the area of Boumerdès, in the area of Patriciabury,,82,1601
16, into existence in Sakarya, into existence in Joelburgh,,43898,9228
17, The court in Morska, The court in Julieshire,,4914,10695
18, lawyers practising in Milia, lawyers practising in Tammytown,,544,12735
19, in the territory of gendarmerie, in the territory of Rochaville,,494,8270
20, in the territory of Chmielow, in the territory of Dannyshire,,322,10695
21, lawyers practising in Oldham, lawyers practising in Jonesport,,2763,634
22, into existence in Lenham, into existence in Wrightchester,,2763,35983
23, The court heard evidence in Karlskrona, The court heard evidence in Jessicamouth,,64,1536
24, The court in de, The court in Louisville,,390,21525
25, in the area of Gipuzkoa, in the area of Delgadotown,,64,593
26, into existence in Trzebnica, into existence in Riveraburgh,,3970,456
27, in the area of Hulme, in the area of Mendezborough,,1326,17913
28, into existence in Garonne, into existence in Loganburgh,,47476,9228
29, school teacher incurrently detained in Soest, school teacher incurrently detained in Carrollfort,,395,3319
30, lawyers practising in Remand, lawyers practising in Jamesville,,392,4244
31, into existence in Lier, into existence in Fordville,,959,4244
32, into existence in Kerküt, into existence in Mcintyreton,,83,1122
33, in the territory of Włodawa, in the territory of Tuckerview,,6909,769
34, The court heard evidence in sous, The court heard evidence in Whitechester,,516,35983
35, The court heard evidence in Tamanrasset, The court heard evidence in Melissaburgh,,316,456
36, The court in Nya, The court in Maxwellstad,,3972,24107
37, The court heard evidence in Sundsvall, The court heard evidence in Maureenfort,,439,3319
38, The court in stop, The court in Greenberg,,2245,46702
39, The court heard evidence in Mank, The court heard evidence in Beardport,,962,634
40, The court in Jaghori, The court in Gardnerville,,10145,33487
41, school teacher incurrently detained in Beira, school teacher incurrently detained in Heatherstad,,8704,24107
42, in the area of Cubitt, in the area of Davidhaven,,715,39487
43, in the area of Çukurova, in the area of Wigginsside,,6862,485
44, lawyers practising in Antrim, lawyers practising in Julieburgh,,3036,9228
45, school teacher incurrently detained in Täby, school teacher incurrently detained in Stevensonton,,1525,261
46, school teacher incurrently detained in Sevenoaks, school teacher incurrently detained in Vegaport,,4730,419
47, school teacher incurrently detained in newsagents, school teacher incurrently detained in Fullerbury,,49638,10711
48, in the area of Haina, in the area of Pageland,,42183,8822
49, into existence in Herning, into existence in Gomezstad,,768,24107
50, into existence in Harrow, into existence in Snowland,,808,1044
51, The court heard evidence in Freistadt, The court heard evidence in Jessicachester,,83,1706
52, into existence in Valdemoro, into existence in Hodgeberg,,16522,3900
53, school teacher incurrently detained in İmralı, school teacher incurrently detained in Santiagoborough,,30102,7985
54, into existence in Naczelnik, into existence in Joshuashire,,17187,557
55, into existence in Wels, into existence in Michaelton,,1424,1122
56, The court heard evidence in Brzeg, The court heard evidence in Michaelland,,1533,392
57, school teacher incurrently detained in Sundborn, school teacher incurrently detained in Smithtown,,6286,12735
58, in the area of October, in the area of Maryland,,3267,10769
59, The court in Gabon, The court in Millerfort,,261,3319
60, in the territory of Gaissau, in the territory of Farleymouth,,559,14775
61, The court heard evidence in rue, The court heard evidence in Jonathanfurt,,518,29205
62, school teacher incurrently detained in Bestwina, school teacher incurrently detained in Deniseshire,,1437,10695
63, lawyers practising in Stretford, lawyers practising in Lisaborough,,3841,619
64, lawyers practising in Navarre, lawyers practising in Christophermouth,,9624,14775
65, in the area of İlbas, in the area of Rhondaview,,12093,769
66, into existence in Ried, into existence in Robertchester,,798,35983
67, lawyers practising in Avonos, lawyers practising in Williamsonton,,418,261
68, The court heard evidence in Brzesko, The court heard evidence in Juliestad,,7204,324
69, lawyers practising in Amasya, lawyers practising in Elliotthaven,,3972,4005
70, in the area of Kilmarnock, in the area of Jennifertown,,735,593
71, The court in Ghazni, The court in Singletonstad,,8461,24107
72, The court heard evidence in Linz, The court heard evidence in Campbellland,,89,1044
73, in the area of Avcılar, in the area of Yolandaport,,21681,419
74, The court heard evidence in Norrköping, The court heard evidence in Vanessaburgh,,13886,456
75, The court heard evidence in Hopfgarten, The court heard evidence in Dianechester,,23996,19593
76, in the territory of Greengate, in the territory of Martinezmouth,,10494,14775
77, The court heard evidence in Hirtenberg, The court heard evidence in Duncanton,,3900,23026
78, in the territory of Bloomfield, in the territory of Sueberg,,3245,3900
79, into existence in Tarnowskie, into existence in Travisfurt,,49375,3325
80, in the area of Rogowiec, in the area of Pamelabury,,66,1601
81, The court heard evidence in TRNC, The court heard evidence in Cherrymouth,,7792,14775
82, into existence in Vraca, into existence in Garcialand,,64,392
83, in the territory of Jämtland, in the territory of Joshuahaven,,1044,4005
84, The court in Kloten, The court in Cantubury,,268,1601
85, into existence in Villeurbanne, into existence in Angelicaberg,,710,6422
86, into existence in Niğde, into existence in Macdonaldport,,2934,634
87, in the area of Ağrı, in the area of Hendersonton,,30102,261
88, into existence in Remire, into existence in Danielfurt,,557,29205
89, lawyers practising in Zonguldak, lawyers practising in Joshuamouth,,461,1536
90, into existence in Armagh, into existence in Cummingsport,,10471,634
91, The court in Hohenloher, The court in Velasquezhaven,,372,39487
92, The court in Kamberli, The court in Carrieshire,,4528,10695
93, school teacher incurrently detained in Cayenne, school teacher incurrently detained in Heatherton,,29727,1122
94, lawyers practising in Saverne, lawyers practising in Johnsonton,,710,261
95, The court in Glennane, The court in Chambersstad,,1531,24107
96, school teacher incurrently detained in Partille, school teacher incurrently detained in Olsenfort,,8270,3319
97, in the area of Enns, in the area of Emilymouth,,5907,14775
98, The court in Portman, The court in Jeremyview,,805,1177
99, into existence in Pabianice, into existence in Pinedaport,,501,419
100, school teacher incurrently detained in Rees, school teacher incurrently detained in Palmerburgh,,274,9228
101, The court heard evidence in Mocambique, The court heard evidence in Christinamouth,,2350,1536
102, in the area of Teresi, in the area of Daveside,,72,485
103, in the area of Metz, in the area of Davidville,,89,4244
104, into existence in Ümraniye, into existence in Amandaburgh,,5948,456
105, into existence in Istiklal, into existence in Cynthiabury,,282,1601
106, The court in Perg, The court in Loganburgh,,70,9228
107, The court in Gföhl, The court in Castillochester,,18519,19593
108, in the area of Pirmasens, in the area of Teresamouth,,641,1536
109, lawyers practising in Örebro, lawyers practising in Holmesshire,,7957,10695
110, into existence in Heathrow, into existence in Nelsonfort,,808,3319
111, lawyers practising in Bambatzera, lawyers practising in Teresaville,,8607,8270
112, into existence in Rif, into existence in Robinsonchester,,361,35983
113, in the territory of Hanover, in the territory of Frankmouth,,2502,14775
114, into existence in Bytów, into existence in Sierrabury,,86,1601
115, lawyers practising in Guildhall, lawyers practising in Ashleymouth,,18323,14775
116, lawyers practising in Radomsko, lawyers practising in Vangmouth,,7204,14775
117, in the territory of Glâne, in the territory of Daniellemouth,,710,1536
118, lawyers practising in Brederis, lawyers practising in Robinsonshire,,271,10695
119, The court in Monaghan, The court in Dawnland,,45109,1044
120, in the territory of Stalowa, in the territory of Duranborough,,8455,17913
121, into existence in Glinica, into existence in Codyshire,,3970,10695
122, The court in Kraków, The court in Rileymouth,,86,1536
123, school teacher incurrently detained in Barracks, school teacher incurrently detained in Stewartburgh,,4595,9228
124, school teacher incurrently detained in Söke, school teacher incurrently detained in Aguilarstad,,365,24107
125, The court in Tyresö, The court in Ambershire,,9101,10695
126, into existence in Stephanskirchen, into existence in Jessicafurt,,831,3325
127, The court in Borough, The court in Carlton,,48114,44348
128, lawyers practising in Adana, lawyers practising in Blackmouth,,2271,14775
129, into existence in Botngård, into existence in Blakestad,,4372,324
130, school teacher incurrently detained in Whitley, school teacher incurrently detained in Duncanfort,,1636,3319
131, The court heard evidence in Ilmenau, The court heard evidence in Ritterstad,,559,24107
132, into existence in Brentwood, into existence in Patelton,,3822,1122
133, in the territory of Bregenz, in the territory of Francomouth,,19471,1536
134, in the area of Erkelenz, in the area of Wallaceland,,19471,8822
135, in the territory of Colchester, in the territory of Mitchellland,,35983,1044
136, school teacher incurrently detained in Kayseri, school teacher incurrently detained in Williamsshire,,33442,10695
137, lawyers practising in terminus, lawyers practising in Whiteland,,385,8822
138, in the area of Pozuelo, in the area of Meyerview,,78,769
139, The court in Lummelunda, The court in Meyertown,,46535,593
140, The court heard evidence in Şişli, The court heard evidence in Mckenziemouth,,4528,46880
141, school teacher incurrently detained in Coventry, school teacher incurrently detained in Andersonstad,,13000,24107
142, school teacher incurrently detained in Cracow, school teacher incurrently detained in Riverahaven,,322,4005
143, The court heard evidence in Aisne, The court heard evidence in Michealmouth,,710,14775
144, school teacher incurrently detained in Regensdorf, school teacher incurrently detained in Natashafurt,,24263,3325
145, into existence in Yealand, into existence in Reneemouth,,392,46880
146, into existence in Edirne, into existence in Parrishhaven,,710,39487
147, The court heard evidence in Başbağlar, The court heard evidence in Esparzastad,,21681,324
148, The court in Warszawa, The court in Larsentown,,6909,593
149, lawyers practising in Rheine, lawyers practising in Johnsonshire,,500,10695
150, school teacher incurrently detained in Lignon, school teacher incurrently detained in Williamsside,,261,485
151, school teacher incurrently detained in Siirt, school teacher incurrently detained in Newmanmouth,,2265,14775
152, school teacher incurrently detained in Tychy, school teacher incurrently detained in Williamfurt,,29658,29205
153, in the territory of Friedrichsstrasse, in the territory of Patriciamouth,,21612,1536
154, school teacher incurrently detained in Tzieheneu, school teacher incurrently detained in Davenportmouth,,84,14775
155, lawyers practising in Aarau, lawyers practising in Walkerview,,559,769
156, The court in Gorleben, The court in Marcuston,,11722,261
157, into existence in Cheadle, into existence in Kanechester,,293,19593
158, The court in Villars, The court in Scottfort,,945,3319
159, lawyers practising in Laupheim, lawyers practising in Jasmineton,,9096,18483
160, in the territory of Nyhamn, in the territory of Dianechester,,77,19593
161, The court heard evidence in Marseilles, The court heard evidence in Meyerport,,21718,634
162, lawyers practising in Dorchester, lawyers practising in Cindychester,,35983,35983
163, in the territory of Lurgan, in the territory of Manuelbury,,1030,10711
164, in the territory of Nemrut, in the territory of Roberthaven,,315,4005
165, school teacher incurrently detained in Tatvan, school teacher incurrently detained in Johnsonfurt,,10438,29205
166, in the area of Vehyettin, in the area of Katrinaside,,259,485
167, The court heard evidence in Sincan, The court heard evidence in Lauraport,,272,419
168, The court in Izhevsk, The court in Oconnorborough,,8135,17913
169, The court heard evidence in Mevlitoudi, The court heard evidence in Mcdanielshire,,72,10695
170, in the territory of Nairobi, in the territory of Holmesshire,,8482,10695
171, lawyers practising in Chancery, lawyers practising in Mariaborough,,1924,619
172, school teacher incurrently detained in Banova, school teacher incurrently detained in Stephenhaven,,10071,39487
173, The court in Goleniów, The court in Amandaburgh,,86,456
174, The court in Gajowa, The court in Brendaberg,,8455,6422
175, into existence in Mostar, into existence in Williamsville,,283,4244
176, in the area of Klippan, in the area of Wallerhaven,,272,39487
177, The court in Huddinge, The court in Steveshire,,11912,10695
178, The court in Croydon, The court in Dwayneburgh,,9099,9228
179, in the area of Konak, in the area of Thorntonborough,,461,17913
180, The court in Wrocław, The court in Mendozamouth,,707,1536
181, in the territory of Pristina, in the territory of Clinehaven,,1437,39487
182, The court in Kandıra, The court in Michaelland,,430,392
183, The court heard evidence in Neulengbach, The court heard evidence in Davenportborough,,19496,17913
184, in the territory of Wiesbaden, in the territory of Melissaville,,268,8270
185, school teacher incurrently detained in Tristach, school teacher incurrently detained in Randyside,,620,485
186, in the territory of Großau, in the territory of Debbieshire,,559,10695
187, in the area of Dannenberg, in the area of Sandramouth,,23140,1536
188, school teacher incurrently detained in Mersin, school teacher incurrently detained in Caitlinberg,,259,3900
189, lawyers practising in Atatürk, lawyers practising in Mcphersonfort,,74,3319
190, lawyers practising in Craigavon, lawyers practising in Leefurt,,261,3325
191, lawyers practising in Villigen, lawyers practising in Mollychester,,9324,35983
192, in the territory of Skånes, in the territory of Lewishaven,,2516,4005
193, lawyers practising in Iwerne, lawyers practising in Edwardsshire,,710,10695
194, school teacher incurrently detained in Esperidon, school teacher incurrently detained in Nguyenland,,47287,1044
195, lawyers practising in Corunna, lawyers practising in Hurstton,,2616,1122
196, The court in Stawowa, The court in Angelaview,,8455,769
197, lawyers practising in Castlederg, lawyers practising in Pricestad,,6422,324
198, school teacher incurrently detained in Blekinge, school teacher incurrently detained in Lorifort,,68,419
199, in the area of Nuremberg, in the area of Riceshire,,47369,10695
200, The court heard evidence in Chełmno, The court heard evidence in Mcgeeborough,,3919,7985
201, The court heard evidence in Kocaeli, The court heard evidence in Garciamouth,,72,1536
202, The court in Kristianstad, The court in Phamfort,,24107,3319
203, The court in Tyne, The court in Whiteville,,710,4244
204, in the territory of Beskidzka, in the territory of Nelsonton,,4914,261
205, The court heard evidence in Afrikas, The court heard evidence in Jonesside,,292,485
206, in the area of Jarocin, in the area of Williamsside,,259,485
207, lawyers practising in Lugo, lawyers practising in Baileychester,,78,35983
208, into existence in Macé, into existence in Frankberg,,2634,3900
209, school teacher incurrently detained in Strasbourg, school teacher incurrently detained in Olsonfurt,,24256,29205
210, into existence in Bielefeld, into existence in Brendamouth,,16265,1536
211, in the area of Antwerp, in the area of Kellymouth,,79,1536
212, in the area of Mozambique, in the area of Donnafurt,,2350,3325
213, in the territory of Aachen, in the territory of Salazarfort,,831,3319
214, in the area of Nantes, in the area of Wilsonborough,,39781,17913
215, in the territory of Parkhurst, in the territory of Brooksstad,,33500,24107
216, The court heard evidence in Kłomnice, The court heard evidence in Melissaview,,44460,769
217, lawyers practising in Kong, lawyers practising in Frankfurt,,9071,31970
218, school teacher incurrently detained in Hague, school teacher incurrently detained in Greenberg,,37206,46702
219, school teacher incurrently detained in Rhine, school teacher incurrently detained in Wesleytown,,500,12735
220, lawyers practising in Selm, lawyers practising in Jamesview,,76,1177
221, in the territory of cemevi, in the territory of Briggsshire,,72,10695
222, into existence in Lavaux, into existence in Jonesburgh,,14644,9228
223, into existence in Sulejówek, into existence in Figueroaburgh,,74,456
224, lawyers practising in Wörgl, lawyers practising in Ericamouth,,4743,1536
225, in the area of Polje, in the area of Davidborough,,18015,17913
226, The court in Sirnak, The court in Rosalesview,,461,1177
227, school teacher incurrently detained in Hagadera, school teacher incurrently detained in Guerrafort,,64,3319
228, in the area of Atlantiques, in the area of Hortonside,,6368,485
229, The court in Vanoise, The court in Jasonside,,786,485
230, lawyers practising in Mannheim, lawyers practising in Mitchellview,,9096,1177
231, into existence in Wuppertal, into existence in Joshuastad,,282,324
232, lawyers practising in Eskiizmir, lawyers practising in Andradeside,,10793,485
233, lawyers practising in Italy, lawyers practising in Dayton,,8031,24450
234, The court in Traiskirchen, The court in Vanessastad,,831,324
235, lawyers practising in Axams, lawyers practising in Reidview,,4105,1177
236, in the area of Dundee, in the area of Stephenview,,1453,1177
237, The court heard evidence in Coruña, The court heard evidence in Sheriview,,30644,769
238, in the territory of Bygdoszcz, in the territory of Rebeccaside,,26691,485
239, in the area of Kuşadası, in the area of Samuelside,,30102,485
240, in the territory of Buchs, in the territory of Sarahfort,,82,3319
241, in the territory of Marmara, in the territory of Stephaniemouth,,3301,46880
242, The court in Bjugn, The court in Duranhaven,,77,39487
243, school teacher incurrently detained in Rhineland, school teacher incurrently detained in Tristanfurt,,8822,29205
244, The court heard evidence in Spitfire, The court heard evidence in Anthonyton,,6495,1122
245, in the territory of Giessen, in the territory of Brianfort,,44483,3319
246, school teacher incurrently detained in Samsun, school teacher incurrently detained in Baxterburgh,,19155,9228
247, The court in Molesey, The court in Santosshire,,88,10695
248, The court in Wight, The court in Robertfort,,432,3319
249, The court heard evidence in Luisenstrasse, The court heard evidence in Simpsonton,,21612,261
250, into existence in Vouno, into existence in Mcdonaldberg,,78,3900
251, into existence in Mülheim, into existence in Cassieton,,9096,261
252, school teacher incurrently detained in Lommelet, school teacher incurrently detained in Reginaldshire,,1616,10932
253, school teacher incurrently detained in Colombes, school teacher incurrently detained in Lovehaven,,274,39487
254, school teacher incurrently detained in Dungannon, school teacher incurrently detained in Nealshire,,13159,10695
255, into existence in Maissau, into existence in Kellymouth,,559,1536
256, school teacher incurrently detained in Izmit, school teacher incurrently detained in Richshire,,2781,10932
257, The court in Pemba, The court in Stephanieside,,7012,485
258, school teacher incurrently detained in Kapouti, school teacher incurrently detained in Carlaside,,72,485
259, The court heard evidence in Bornova, The court heard evidence in Marcusfort,,10071,3319
260, The court in Tufan, The court in Anitafort,,272,24515
261, school teacher incurrently detained in Département, school teacher incurrently detained in Christinachester,,972,1706
262, into existence in Dachau, into existence in Riceshire,,559,10695
263, The court heard evidence in Muğla, The court heard evidence in Kaylaton,,5031,13951
264, The court heard evidence in Würenlingen, The court heard evidence in Delacruzberg,,268,3900
265, The court heard evidence in Tokat, The court heard evidence in Travisbury,,265,10711
266, lawyers practising in motorway, lawyers practising in Robertsonmouth,,1014,14775
267, lawyers practising in Somaliland, lawyers practising in Lauraberg,,40855,6422
268, lawyers practising in Lemgo, lawyers practising in Davisberg,,2188,3900
269, in the territory of Cheshire, in the territory of Anthonyfurt,,10695,29205
270, The court heard evidence in Garw, The court heard evidence in Jacobchester,,86,35983
271, lawyers practising in Westcliff, lawyers practising in Amyshire,,733,10695
272, into existence in Fontenai, into existence in Crystalshire,,1872,10695
273, in the area of Ipswich, in the area of Charlesview,,11451,1177
274, in the territory of Ferney, in the territory of Harperborough,,1681,17913
275, The court heard evidence in Clovenden, The court heard evidence in Mcguirebury,,268,10711
276, The court in Böttstein, The court in Arianaberg,,5714,6422
277, school teacher incurrently detained in Schlossgasse, school teacher incurrently detained in Natashachester,,21612,1706
278, lawyers practising in Nizip, lawyers practising in Jasmineborough,,541,17913
279, in the area of Racibórz, in the area of Santiagostad,,89,324
280, lawyers practising in Bochum, lawyers practising in Barbarachester,,388,1706
281, school teacher incurrently detained in Lambousa, school teacher incurrently detained in Kendratown,,64,593
282, in the territory of Kalogrea, in the territory of Angelashire,,21468,557
283, lawyers practising in Laval, lawyers practising in Reedstad,,9226,24107
284, in the territory of Salaminas, in the territory of Zacharymouth,,292,14775
285, lawyers practising in Icaria, lawyers practising in Jonesburgh,,544,9228
286, The court heard evidence in Warszawy, The court heard evidence in Ericksonshire,,88,10695
287, The court heard evidence in Jelenia, The court heard evidence in Skinnertown,,544,593
288, lawyers practising in Serçeler, lawyers practising in Melindaview,,263,769
289, in the area of Bytom, in the area of Scottmouth,,39532,14775
290, school teacher incurrently detained in Hazro, school teacher incurrently detained in Singhshire,,305,10932
291, into existence in Eskişehir, into existence in Estradafurt,,343,3325
292, into existence in Bağlan, into existence in Walkermouth,,9620,1536
293, The court heard evidence in Straubing, The court heard evidence in Angelaport,,278,419
294, in the territory of Markaryd, in the territory of Ericaberg,,67,6422
295, school teacher incurrently detained in Isenburg, school teacher incurrently detained in Wilkinsonmouth,,37036,14775
296, in the territory of Beyoğlu, in the territory of Tamarachester,,2290,1706
297, lawyers practising in Malatya, lawyers practising in Ruizfurt,,3972,29205
298, The court in Reception, The court in Robertside,,4516,485
299, The court heard evidence in Vorarlberg, The court heard evidence in Jamiemouth,,3900,46880
300, into existence in Verviers, into existence in Tinachester,,3183,1706
301, in the territory of Erenköy, in the territory of Santiagoport,,88,419
302, The court in Milli, The court in Larryfort,,72,3319
303, The court in Kulp, The court in Craigshire,,29528,10932
304, into existence in Herzegovina, into existence in Traciborough,,1437,7985
305, in the territory of Miasto, in the territory of Warrentown,,78,593
306, The court heard evidence in Motte, The court heard evidence in Millsmouth,,660,14775
307, in the area of Napa, in the area of Clarkberg,,64,3900
308, The court heard evidence in Yerevan, The court heard evidence in Escobarhaven,,10438,39487
309, The court in Lummen, The court in Kellyport,,3653,634
310, lawyers practising in Gniezno, lawyers practising in Lesliefurt,,3919,3325
311, in the area of Darmstadt, in the area of Roberttown,,38863,593
312, The court heard evidence in Mardin, The court heard evidence in Lindaport,,259,419
313, into existence in Gerasdorf, into existence in Vegaburgh,,24263,456
314, lawyers practising in Płock, lawyers practising in Mariatown,,735,593
315, into existence in Suwałki, into existence in Amandaville,,4106,8270
316, school teacher incurrently detained in Nevşehir, school teacher incurrently detained in Baileymouth,,343,1536
317, lawyers practising in Antakya, lawyers practising in Michaeltown,,3972,593
318, into existence in Armutdüzü, into existence in Rebeccaburgh,,9116,456
319, into existence in CJ, into existence in Maryland,,27731,10769
320, in the territory of Regensburg, in the territory of Chaneyburgh,,7423,9228
321, The court in Mataró, The court in Boyerstad,,10205,24107
322, school teacher incurrently detained in Strasse, school teacher incurrently detained in Bestport,,21612,634
323, school teacher incurrently detained in Podlaski, school teacher incurrently detained in Nelsontown,,72,593
324, in the territory of Tettnang, in the territory of Garciamouth,,648,1536
325, in the territory of Demetrianos, in the territory of Bonillaport,,418,419
326, in the area of Zurich, in the area of Maryland,,43412,10769
327, into existence in Ordu, into existence in Morrisfort,,646,3319
328, into existence in Krupski, into existence in Angelashire,,4106,557
329, The court heard evidence in Lahijan, The court heard evidence in Michelestad,,272,324
330, in the territory of Menaïel, in the territory of Barreratown,,417,593
331, The court heard evidence in Sebastián, The court heard evidence in Darinfort,,21162,3319
332, lawyers practising in Mildenhall, lawyers practising in Scotthaven,,439,4005
333, school teacher incurrently detained in Andersontown, school teacher incurrently detained in Elliotttown,,593,593
334, in the area of Lincolnshire, in the area of Garrisonfort,,10932,3319
335, lawyers practising in Pfäffikon, lawyers practising in Rebeccaside,,261,485
336, The court heard evidence in amphitheatre, The court heard evidence in Jillianchester,,10562,35983
337, school teacher incurrently detained in Sarajewo, school teacher incurrently detained in Cervantesfurt,,78,29205
338, lawyers practising in Ayios, lawyers practising in Dawnshire,,4267,10932
339, into existence in Strzelin, into existence in Daniellemouth,,259,1536
340, The court in Karlsruhe, The court in Murphymouth,,258,1536
341, in the area of Stockport, in the area of Davidbury,,634,10711
342, in the territory of Municipality, in the territory of Jesusport,,1483,634
343, into existence in Vrysi, into existence in Dianafurt,,13396,3325
344, in the area of Sivas, in the area of Markburgh,,38630,9228
345, in the territory of Zahedan, in the territory of Willisside,,272,485
346, into existence in Caspian, into existence in Joseshire,,666,10695
347, in the territory of Gmunden, in the territory of Erikaview,,268,769
348, into existence in Uşak, into existence in Williamsmouth,,461,1536
349, lawyers practising in Galicia, lawyers practising in Ericview,,33577,1177
350, into existence in Sveg, into existence in Brendaside,,70,485
351, in the area of Rahovec, in the area of Jacobsonborough,,66,17913
352, into existence in Silvan, into existence in Dustinland,,10438,1044
353, in the territory of André, in the territory of Codymouth,,29350,14775
354, school teacher incurrently detained in Guiana, school teacher incurrently detained in Nicoleland,,7484,1044
355, lawyers practising in Itoiz, lawyers practising in Loriview,,528,769
356, in the territory of Moussas, in the territory of Cochranmouth,,292,14775
357, The court in Góry, The court in Masonside,,563,485
358, lawyers practising in Praszka, lawyers practising in Doylestad,,4914,324
359, The court heard evidence in Swidnica, The court heard evidence in Guzmanton,,3970,23026
360, in the territory of Roukania, in the territory of Spenceshire,,5411,10695
361, lawyers practising in Craighead, lawyers practising in Ryanville,,2256,4244
362, into existence in Adıyaman, into existence in Nicholasside,,10546,485
363, in the area of Botkyrka, in the area of Feliciachester,,4914,1706
364, into existence in Kassianos, into existence in Hardinshire,,418,10695
365, in the area of Pyrenees, in the area of Osborneland,,274,8822
366, in the area of Seltisberg, in the area of Melissaport,,3900,419
367, The court heard evidence in Sultanahmet, The court heard evidence in Turnertown,,4164,593
368, into existence in Nowogród, into existence in Figueroaview,,67,769
369, school teacher incurrently detained in freshwater, school teacher incurrently detained in Jacksonville,,40941,23194
370, lawyers practising in Fickleshall, lawyers practising in Debrachester,,18323,1706
371, The court in Lawrie, The court in Petersonfort,,5034,3319
372, in the area of Ergani, in the area of Ambershire,,72,10695
373, in the area of Fatih, in the area of Davidside,,4449,1589
374, lawyers practising in Olofstorp, lawyers practising in Cherylfort,,16300,419
375, The court in Castlereagh, The court in Briantown,,10471,593
376, in the area of Bargen, in the area of Gonzalezmouth,,268,14775
377, into existence in Tunceli, into existence in Sanderston,,4528,3743
378, The court heard evidence in Lubianka, The court heard evidence in Lisaberg,,4914,6422
379, The court in Palatinate, The court in Valentineshire,,4559,10695
380, The court heard evidence in Hauts, The court heard evidence in Schneiderhaven,,17712,39487
381, lawyers practising in Uzbekistan, lawyers practising in Stephenmouth,,4103,14775
382, The court in Corcubión, The court in Melissachester,,18840,1706
383, in the territory of Osmaniye, in the territory of Jacksonshire,,5948,10695
384, in the area of Babol, in the area of Cookchester,,349,35983
385, into existence in Konya, into existence in Zacharyshire,,64,10932
386, school teacher incurrently detained in metres, school teacher incurrently detained in Pittsburgh,,18985,12767
387, into existence in Livera, into existence in Timothyborough,,64,17913
388, into existence in Kufstein, into existence in Davistown,,5714,593
389, in the area of Friedrichstrasse, in the area of Andreachester,,21612,1706
390, into existence in Balıkesir, into existence in Lucerochester,,343,19593
391, The court heard evidence in Léger, The court heard evidence in Camerontown,,1362,593
392, into existence in Trypimeni, into existence in Fowlerside,,72,485
393, in the area of Eurojust, in the area of Wheelerchester,,3137,35983
394, lawyers practising in Vaduz, lawyers practising in Martinchester,,10277,19593
395, The court in Neustift, The court in Gonzalesstad,,2135,24107
396, into existence in Kars, into existence in Davisview,,945,1177
397, The court in Diyarbakir, The court in Mcconnellstad,,343,24107
398, school teacher incurrently detained in Erzincan, school teacher incurrently detained in Melissamouth,,272,1536
399, into existence in Wieliczka, into existence in Christinaport,,4914,419
400, in the territory of Bludenz, in the territory of Spencerville,,19471,33487
401, in the territory of Honiton, in the territory of Allenbury,,37752,10711
402, into existence in Siemianowice, into existence in Paigeshire,,501,557
403, The court heard evidence in Nusaybin, The court heard evidence in Contrerasshire,,8800,10695
404, school teacher incurrently detained in Słubice, school teacher incurrently detained in Lawrencestad,,501,324
405, into existence in Gaziantep, into existence in Andreaville,,538,8270
406, into existence in Salaam, into existence in Moralesside,,321,485
407, in the territory of Aulnay, in the territory of Alexandriaberg,,323,6422
408, The court heard evidence in Zeebrugge, The court heard evidence in Rebeccastad,,469,324
409, in the territory of Karacali, in the territory of Chaseside,,7344,485
410, The court in Antalya, The court in Autumnton,,64,28936
411, in the territory of Irigny, in the territory of Joshuafort,,88,24515
412, lawyers practising in Gothenburg, lawyers practising in Alitown,,7423,593
413, The court heard evidence in Hasancık, The court heard evidence in Mejiachester,,74,1706
414, in the area of Waurichen, in the area of Lauraborough,,41437,619
415, school teacher incurrently detained in Arizona, school teacher incurrently detained in Charleston,,7943,26070
416, The court heard evidence in Basle, The court heard evidence in Brownhaven,,293,39487
417, The court heard evidence in Hakkari, The court heard evidence in Christinaview,,2743,769
418, The court in Pamplona, The court in Belindafort,,4450,24515
419, into existence in Bismil, into existence in Guzmanburgh,,346,9228
420, school teacher incurrently detained in Lublin, school teacher incurrently detained in Timothyville,,2815,4244
421, in the territory of Maidstone, in the territory of Weisshaven,,6440,39487
422, The court in Hanseatic, The court in Stephensshire,,1512,10695
423, school teacher incurrently detained in Brixton, school teacher incurrently detained in Ryanland,,22874,1044
424, lawyers practising in Jaruga, lawyers practising in Rachelshire,,30302,10932
425, The court heard evidence in Zakopane, The court heard evidence in Floresshire,,1531,10695
426, into existence in fjord, into existence in Lisaland,,585,392
427, into existence in Tyrone, into existence in Ryanville,,505,4244
428, school teacher incurrently detained in Maidenhead, school teacher incurrently detained in Shannonview,,2256,1177
429, school teacher incurrently detained in Bucharest, school teacher incurrently detained in Hillton,,12423,1122
430, school teacher incurrently detained in Biscay, school teacher incurrently detained in Erintown,,323,593
431, The court heard evidence in Nyírbátor, The court heard evidence in Rebeccafurt,,13165,3325
432, lawyers practising in Gardermoen, lawyers practising in Riveraburgh,,268,456
433, The court in Högsbo, The court in Taylormouth,,2127,1536
434, in the area of Lyngby, in the area of Brennanchester,,1525,8911
435, school teacher incurrently detained in Spånga, school teacher incurrently detained in Dukestad,,64,324
436, The court heard evidence in Bruchsal, The court heard evidence in Janicechester,,21680,35983
437, school teacher incurrently detained in Lancashire, school teacher incurrently detained in Klineville,,557,4244
438, in the area of Mattighofen, in the area of Natalieton,,268,261
439, in the area of Famagusta, in the area of Rhondaside,,64,485
440, The court in Izmir, The court in Robinsonville,,10793,4244
441, in the territory of Furundžija, in the territory of Isabellaview,,34655,769
442, The court in Göteborg, The court in Amyshire,,23297,10695
443, school teacher incurrently detained in Paolo, school teacher incurrently detained in Johnsonmouth,,14057,14775
444, in the area of Malmö, in the area of Willisside,,9101,485
445, in the area of Malmöhus, in the area of Watsonshire,,7537,10695
446, into existence in Vuisternens, into existence in Taylorton,,641,261
447, into existence in Kazafani, into existence in Gatesside,,3216,485
448, in the area of Wloszczowa, in the area of Mcclureview,,8455,1177
449, The court in Ashraf, The court in Jameston,,32188,19115
450, in the area of Czarne, in the area of Cartermouth,,710,1536
451, The court heard evidence in Plaine, The court heard evidence in Josephburgh,,5718,9228
452, school teacher incurrently detained in Havza, school teacher incurrently detained in Moralesbury,,4496,10711
453, lawyers practising in Frölunda, lawyers practising in Kaylaborough,,64,619
454, in the territory of Schalchen, in the territory of Adkinsburgh,,6607,9228
455, in the territory of Aksaray, in the territory of Blankenshipbury,,323,10711
456, in the territory of Tarn, in the territory of Harrisville,,1501,4244
457, The court in Brumath, The court in Humphreyville,,776,4244
458, in the territory of Blandford, in the territory of Cruzshire,,3841,10932
459, into existence in Rosdorf, into existence in Richardsonside,,24263,485
460, The court in Mazowiecka, The court in Zunigaport,,64,419
461, in the area of Umeå, in the area of Halefort,,29090,419
462, school teacher incurrently detained in Patnos, school teacher incurrently detained in Rossport,,39369,634
463, The court in Ossès, The court in Jasontown,,82,593
464, school teacher incurrently detained in Lorca, school teacher incurrently detained in Valerieburgh,,6888,9228
465, in the territory of Saigon, in the territory of Woodsbury,,37107,10711
466, school teacher incurrently detained in Rönninge, school teacher incurrently detained in Lucerochester,,68,19593
467, in the territory of Viborg, in the territory of Williamshaven,,2398,4005
468, in the area of Cae, in the area of Michellehaven,,3609,39487
469, The court in Ameisberg, The court in Larsenshire,,3900,10695
470, in the area of Stare, in the area of Moorefurt,,533,29205
471, The court heard evidence in Suvi, The court heard evidence in Wardstad,,8903,24107
472, school teacher incurrently detained in Satzung, school teacher incurrently detained in Juliestad,,2150,324
473, The court in Tjøme, The court in Jonathanside,,1326,485
474, in the area of Alpes, in the area of Clarkfurt,,12272,29205
475, The court in Siemirowice, The court in Baileyside,,501,485
476, lawyers practising in Beckton, lawyers practising in Rogersland,,1122,1044
477, in the territory of Learmore, in the territory of Kennethton,,3549,1122
478, The court in Samsø, The court in Petersonside,,24172,485
479, into existence in Chadderton, into existence in Melendezborough,,29111,17913
480, into existence in Chernobyl, into existence in Crystalburgh,,46666,9228
481, into existence in Taşova, into existence in Jenniferville,,10071,33487
482, in the area of Sopot, in the area of Ryanton,,313,23026
483, in the area of Cumbria, in the area of Taraberg,,7496,6422
484, school teacher incurrently detained in Länder, school teacher incurrently detained in Lisaport,,681,419
485, in the territory of Créteil, in the territory of Samuelside,,346,485
486, into existence in Bremen, into existence in Frazierton,,268,29111
487, The court heard evidence in Cottage, The court heard evidence in Kimberlyburgh,,29480,9228
488, The court heard evidence in Friedrichstraße, The court heard evidence in Carriechester,,68,19593
489, lawyers practising in Vaud, lawyers practising in Wilsonchester,,3885,35983
490, into existence in Zanzibar, into existence in Silvaview,,283,769
491, in the territory of Vesdre, in the territory of Barronshire,,260,10695
492, lawyers practising in Fagerhult, lawyers practising in Rachaelberg,,586,3900
493, school teacher incurrently detained in Blok, school teacher incurrently detained in Brooksville,,482,4244
494, school teacher incurrently detained in Zdrój, school teacher incurrently detained in Katherinemouth,,73,1536
495, into existence in Aydın, into existence in Mejiaport,,77,419
496, into existence in Hargeisa, into existence in Bridgetburgh,,9160,9228
497, lawyers practising in Jever, lawyers practising in Donaldtown,,964,12735
498, The court heard evidence in Woking, The court heard evidence in Brightstad,,5730,24107
499, The court in Başkale, The court in Vanessaborough,,1000,619
500, in the territory of Marum, in the territory of Parkerfort,,388,3319
501, lawyers practising in Ulrichstein, lawyers practising in Parkershire,,5714,10695
502, into existence in Krems, into existence in Davidport,,907,634
503, school teacher incurrently detained in Pischelsdorf, school teacher incurrently detained in Delacruzville,,24263,4244
504, school teacher incurrently detained in Aargau, school teacher incurrently detained in Laurafurt,,559,3325
505, The court in Neu, The court in Stevenchester,,84,35983
506, into existence in Didier, into existence in Martinland,,959,1044
507, lawyers practising in Muret, lawyers practising in Jacquelinefort,,83,3319
508, lawyers practising in Flers, lawyers practising in Andersonburgh,,364,9228
509, school teacher incurrently detained in Rümlang, school teacher incurrently detained in Sototown,,648,593
510, The court heard evidence in Vigo, The court heard evidence in Brendanland,,14031,1044
511, in the territory of Brasilia, in the territory of Williamberg,,17517,3900
512, into existence in Drucki, into existence in Amyhaven,,49108,39487
513, in the area of Wydminy, in the area of Maldonadoton,,88,18970
514, into existence in Exeter, into existence in Waltersfort,,2357,3319
515, in the territory of Lyne, in the territory of Gonzalezville,,710,4244
516, The court in Västra, The court in Liuside,,12044,485
517, lawyers practising in Basel, lawyers practising in Parkerborough,,417,17913
518, school teacher incurrently detained in Murcia, school teacher incurrently detained in Barnettchester,,33743,35983
519, into existence in Chechnya, into existence in Duranport,,3972,634
520, in the area of Uster, in the area of Thompsonbury,,1706,10711
521, in the area of Siemanowice, in the area of Baldwinchester,,501,19593
522, in the territory of Uherce, in the territory of Malloryshire,,344,10932
523, The court heard evidence in Argentan, The court heard evidence in Moonberg,,272,3900
524, in the area of Limassol, in the area of Thomastown,,349,593
525, The court heard evidence in Gdański, The court heard evidence in Rebeccastad,,20545,324
526, into existence in Marmaris, into existence in Garcialand,,271,392
527, school teacher incurrently detained in Bishops, school teacher incurrently detained in Jenniferland,,21863,1044
528, The court in Toruń, The court in Haileyshire,,226,10695
529, school teacher incurrently detained in Shaftesbury, school teacher incurrently detained in Pattersontown,,10711,593
530, lawyers practising in Saragossa, lawyers practising in Anitafurt,,64,3325
531, school teacher incurrently detained in Szczecin, school teacher incurrently detained in Jennifertown,,259,593
532, in the area of Södra, in the area of Rickeyfort,,32491,3319
533, The court heard evidence in Courbevoie, The court heard evidence in Jacksontown,,494,593
534, into existence in Lahore, into existence in Bridgesview,,382,1177
535, into existence in Alarcón, into existence in Proctorshire,,18840,10695
536, school teacher incurrently detained in Berne, school teacher incurrently detained in Joseburgh,,710,9228
537, in the area of Taksim, in the area of Williamschester,,320,1706
538, lawyers practising in Roubaix, lawyers practising in Riveraborough,,844,619
539, school teacher incurrently detained in Saxony, school teacher incurrently detained in Charlottefurt,,1647,29205
540, school teacher incurrently detained in Manisa, school teacher incurrently detained in Williambury,,9160,10711
541, The court in Amphitheatre, The court in Lisaville,,10562,8270
542, lawyers practising in Østerbro, lawyers practising in Jenniferside,,7957,485
543, The court in Ovacık, The court in Phyllishaven,,74,4005
544, in the area of Karavas, in the area of Fullershire,,292,10695
545, into existence in Melk, into existence in Ryanview,,74,1177
546, into existence in Montmédy, into existence in Amandachester,,9892,1706
547, lawyers practising in Neckarsulm, lawyers practising in Oconnellburgh,,76,9228
548, The court in Karmi, The court in Alexandrastad,,72,324
549, in the territory of Munich, in the territory of Greenberg,,22418,46702
550, The court heard evidence in Ostermiething, The court heard evidence in Rebeccaland,,722,392
551, in the area of ZÜRICH, in the area of Zunigabury,,20739,1601
552, school teacher incurrently detained in Bilbao, school teacher incurrently detained in Stephaniemouth,,5488,46880
553, into existence in GATA, into existence in Ashleyport,,13563,634
554, into existence in Portadown, into existence in Gainestown,,593,593
555, in the territory of Avignon, in the territory of Gallowaychester,,261,35983
556, The court heard evidence in Westphalia, The court heard evidence in Andreastad,,9752,324
557, into existence in Pamuk, into existence in Smithfurt,,2724,29205
558, in the territory of Nürnberg, in the territory of Melissastad,,3900,324
559, in the area of Nedre, in the area of Scottfurt,,260,29205
560, in the territory of Göttingen, in the territory of Staceymouth,,268,1536
561, The court heard evidence in Erlenbach, The court heard evidence in Lefurt,,19496,3325
562, The court heard evidence in Bystra, The court heard evidence in Robertland,,12044,1044
563, The court heard evidence in Castletown, The court heard evidence in Williamsmouth,,593,1536
564, in the area of gibraltar, in the area of Johnside,,45662,1589
565, in the area of Mineralne, in the area of Nancyhaven,,710,39487
566, in the area of Luz, in the area of Hansonmouth,,89,14775
567, The court in Baden, The court in Bobbyborough,,268,17913
568, into existence in Sexan, into existence in Hillberg,,272,3900
569, The court heard evidence in Dębowa, The court heard evidence in Santiagoborough,,64,7985
570, The court in Brwinów, The court in Kaylachester,,86,1706
571, lawyers practising in Höör, lawyers practising in Robertsshire,,30570,10695
572, in the area of Pulur, in the area of Franklinport,,333,634
573, in the territory of Mellishaw, in the territory of Tinaville,,707,8270
574, into existence in guardia, into existence in Judyport,,544,634
575, into existence in Visby, into existence in Darrenland,,1525,1044
576, lawyers practising in Orne, lawyers practising in Grayton,,710,1122
577, The court heard evidence in Almners, The court heard evidence in Royburgh,,2741,9228
578, in the area of Hausen, in the area of Jennaborough,,268,619
579, school teacher incurrently detained in Skåne, school teacher incurrently detained in Lisaview,,710,769
580, into existence in Kłoda, into existence in Karlahaven,,11329,4005
581, The court in Beşiktaş, The court in Pachecochester,,46481,19593
582, in the territory of Knyszyn, in the territory of Amandamouth,,2047,1536
583, lawyers practising in Middlesex, lawyers practising in Pereztown,,1069,12735
584, The court heard evidence in Århus, The court heard evidence in Medinabury,,7537,1601
585, The court heard evidence in Raciborz, The court heard evidence in Alyssahaven,,89,4005
586, into existence in Aylesford, into existence in Jasminbury,,3841,10711
587, into existence in Bordeaux, into existence in Ericshire,,14644,10695
588, lawyers practising in Dornbirn, lawyers practising in Alvaradofurt,,77,3325
589, into existence in Wola, into existence in Ryanton,,5708,23026
590, The court heard evidence in Tczew, The court heard evidence in Kristinville,,413,4244
591, into existence in Scandinavia, into existence in Guerrerohaven,,544,39487
592, The court in Buca, The court in Grahamberg,,64,3900
593, school teacher incurrently detained in Lice, school teacher incurrently detained in Ellenton,,501,26673
594, into existence in Szczerców, into existence in Mccormickland,,86,1044
595, in the territory of Nicosia, in the territory of Bradshawfurt,,544,29205
596, lawyers practising in Kamień, lawyers practising in Margaretton,,226,261
597, The court heard evidence in Belevi, The court heard evidence in Staceyfort,,72,3319
598, into existence in Zabrze, into existence in Robinsonton,,2736,261
599, in the territory of States, in the territory of Georgetown,,1829,31393
600, into existence in Lech, into existence in Amyview,,354,1177
601, The court heard evidence in Berkhamsted, The court heard evidence in Hobbsbury,,30679,10711
602, lawyers practising in Gavà, lawyers practising in Laraport,,24247,419
603, The court heard evidence in Sami, The court heard evidence in Justinville,,72,4244
604, into existence in Poniatowa, into existence in Jacquelineborough,,8455,17913
605, The court heard evidence in Hesse, The court heard evidence in Larafort,,35270,24515
606, The court heard evidence in complex, The court heard evidence in Carlton,,3716,44348
607, lawyers practising in Strabane, lawyers practising in Staceyhaven,,1531,39487
608, into existence in Bouchelkia, into existence in Morrischester,,544,19593
609, in the area of Zürich, in the area of Jillianchester,,7527,35983
610, lawyers practising in Derry, lawyers practising in Kirbyfort,,6996,3319
611, The court in Bois, The court in Christopherberg,,271,3900
612, school teacher incurrently detained in Düren, school teacher incurrently detained in Stephenschester,,918,1706
613, lawyers practising in Suruç, lawyers practising in Stephaniefort,,16175,419
614, into existence in Karacabey, into existence in Trevinofort,,2959,419
615, school teacher incurrently detained in Basque, school teacher incurrently detained in Mariafort,,4188,3319
616, lawyers practising in Wien, lawyers practising in Danielleburgh,,2013,9228
617, The court heard evidence in Tonbridge, The court heard evidence in Williamchester,,9458,35983
618, into existence in Clarens, into existence in Michelleville,,82,8270
619, The court heard evidence in Niedersachsen, The court heard evidence in Montgomeryside,,6248,485
620, in the territory of Bavaria, in the territory of Moodyview,,10312,1177
621, The court in Spor, The court in Kathleenmouth,,273,14775
622, school teacher incurrently detained in Trollhättan, school teacher incurrently detained in Patriciaport,,272,419
623, in the territory of Vouziers, in the territory of Tracibury,,3183,1601
624, in the area of Manx, in the area of Bonniebury,,87,10711
625, in the area of Nicolaos, in the area of Julieberg,,418,3900
626, The court heard evidence in Parkmore, The court heard evidence in Adamton,,3549,1122
627, The court heard evidence in Redmayne, The court heard evidence in Adkinsberg,,710,3900
628, school teacher incurrently detained in Gentofte, school teacher incurrently detained in Tinachester,,660,1706
629, in the area of Diputación, in the area of Carlsonside,,18840,485
630, The court in Şarköy, The court in Anitaburgh,,88,456
631, The court heard evidence in Offenburg, The court heard evidence in Hutchinsonhaven,,37036,39487
632, in the territory of Akarp, in the territory of Knightville,,5117,4244
633, in the territory of Euston, in the territory of Hoffmanton,,261,23026
634, into existence in Savoie, into existence in Lindamouth,,494,1536
635, in the territory of Feldkirch, in the territory of Thorntonshire,,354,10695
636, The court heard evidence in Pomorski, The court heard evidence in Jimenezview,,4106,1177
637, lawyers practising in Cinderbarrow, lawyers practising in Villarrealtown,,808,593
638, The court in Tarnów, The court in Littleshire,,86,10695
639, The court heard evidence in Günzburg, The court heard evidence in Mclaughlinburgh,,7423,9228
640, The court in Griesheim, The court in Mariamouth,,9096,1536
641, into existence in Kunsthalle, into existence in Parkerview,,6765,769
642, into existence in Şedat, into existence in Joshuashire,,265,557
643, into existence in tis, into existence in Smithchester,,271,35983
644, in the area of Wormwood, in the area of Brittanyville,,3822,4244
645, The court heard evidence in Belfaux, The court heard evidence in Browningmouth,,14644,14775
646, in the territory of Gdańsk, in the territory of Rochaburgh,,8135,456
647, The court heard evidence in Norrland, The court heard evidence in Lindachester,,1044,1706
648, school teacher incurrently detained in Montagny, school teacher incurrently detained in Staceyfurt,,3281,29205
649, into existence in Hundested, into existence in Moyerstad,,7287,24107
650, The court heard evidence in military, The court heard evidence in Maryland,,2422,10769
651, into existence in Maresme, into existence in Lanefort,,1326,419
652, lawyers practising in Tuscany, lawyers practising in Annaland,,1092,392
653, The court in Oakington, The court in Andreaberg,,1122,6422
654, in the territory of Bodrum, in the territory of Kennethtown,,6582,12735
655, in the area of Gürbeyli, in the area of Rebeccaberg,,72,6422
656, into existence in Vallès, into existence in Bentonmouth,,82,14775
657, school teacher incurrently detained in Ybbs, school teacher incurrently detained in Turnerside,,1443,485
658, in the area of Hadley, in the area of Williamport,,1636,634
659, into existence in Bayona, into existence in Deborahchester,,4450,35983
660, into existence in Lustenau, into existence in Davishaven,,559,4005
661, The court in Bobolice, The court in Brandontown,,501,593
662, in the area of Wigan, in the area of Lucasborough,,5516,17913
663, in the territory of Maribor, in the territory of Torrestown,,273,593
664, The court in Huddersfield, The court in Medinastad,,3245,324
665, lawyers practising in Klosterneuburg, lawyers practising in Mcintyreshire,,3686,557
666, school teacher incurrently detained in Tepe, school teacher incurrently detained in Stephanieborough,,431,17913
667, lawyers practising in Alsdorf, lawyers practising in Laurahaven,,24263,4005
668, The court heard evidence in Lębork, The court heard evidence in Alvaradohaven,,967,4005
669, into existence in Haarlem, into existence in Kellymouth,,10671,1536
670, school teacher incurrently detained in Egemenlik, school teacher incurrently detained in Danieltown,,46965,593
671, into existence in Meiningen, into existence in Simsmouth,,268,1536
672, into existence in Papeete, into existence in Jimenezhaven,,14471,39487
673, into existence in Lochau, into existence in Owenstad,,559,24107
674, The court heard evidence in Hamar, The court heard evidence in Nelsonland,,283,1044
675, school teacher incurrently detained in Gökçeada, school teacher incurrently detained in Delgadomouth,,64,1536
676, lawyers practising in Furuby, lawyers practising in Estesburgh,,88,9228
677, lawyers practising in Tajikistan, lawyers practising in Loriville,,4103,293
678, The court in Borowice, The court in Hatfieldstad,,501,24107
679, school teacher incurrently detained in Ereğli, school teacher incurrently detained in Natalietown,,4528,593
680, The court in Rankweil, The court in Finleyton,,346,1122
681, lawyers practising in Strzelce, lawyers practising in Eileenfort,,344,3319
682, into existence in Alakati, into existence in Ginachester,,7246,1706
683, lawyers practising in Trzebinia, lawyers practising in Danielland,,544,392
684, in the territory of Bingöl, in the territory of Jessicafort,,75,24515
685, lawyers practising in Zakroczym, lawyers practising in Abigailstad,,4948,24107
686, lawyers practising in Chełm, lawyers practising in Rubenstad,,76,24107
687, in the territory of Gotland, in the territory of Codyberg,,1044,3900
688, The court heard evidence in garden, The court heard evidence in Johnston,,11376,28972
689, school teacher incurrently detained in Kartal, school teacher incurrently detained in Brownport,,282,634
690, The court heard evidence in Vosges, The court heard evidence in Gabriellefort,,3212,3319
691, The court heard evidence in Falun, The court heard evidence in Webbton,,403,1122
692, The court heard evidence in Loughgall, The court heard evidence in Michaeltown,,39580,593
693, The court in Gemlik, The court in Karenbury,,46965,10711
694, lawyers practising in Linsengericht, lawyers practising in Nicholsmouth,,30830,1536
695, in the territory of Ödemiş, in the territory of Oconnellfurt,,46481,29205
696, in the area of Katrancı, in the area of Valerieland,,30102,392
697, lawyers practising in Fulda, lawyers practising in Morrisonmouth,,18986,14775
698, school teacher incurrently detained in Sztum, school teacher incurrently detained in Kelseybury,,388,10711
699, into existence in Autonomous, into existence in Matthewbury,,38175,10711
700, into existence in commandership, into existence in Markberg,,1056,3900
701, The court heard evidence in Scrubs, The court heard evidence in Christinemouth,,23161,1536
702, The court heard evidence in Esbjerg, The court heard evidence in Lowefort,,6422,419
703, lawyers practising in Londonderry, lawyers practising in Staceymouth,,6996,1536
704, in the area of Building, in the area of Greenberg,,11819,46702
705, The court in Anatolia, The court in Michelleberg,,22703,3900
706, into existence in Ludvika, into existence in Lisaland,,9232,392
707, in the territory of Sidcup, in the territory of Jenniferborough,,25244,17913
708, in the area of Canton, in the area of Powershaven,,261,39487
709, school teacher incurrently detained in Districts, school teacher incurrently detained in Robertland,,82,1044
710, The court heard evidence in Oxted, The court heard evidence in Pottsview,,276,1177
711, The court in Tashkent, The court in Wilsonside,,298,485
712, The court heard evidence in Muzealna, The court heard evidence in Pachecoside,,2616,485
713, in the territory of Elazığ, in the territory of Garretthaven,,33133,4005
714, lawyers practising in Nowe, lawyers practising in Hayesfurt,,68,29205
715, into existence in Cafres, into existence in Johnsonland,,411,1044
716, in the area of Hillerød, in the area of Haneyside,,67,485
717, school teacher incurrently detained in Sangüesa, school teacher incurrently detained in Roachfort,,49183,3319
718, lawyers practising in Amstetten, lawyers practising in Christinamouth,,1452,1536
719, school teacher incurrently detained in Lüneburg, school teacher incurrently detained in Marthaside,,7423,485
720, The court heard evidence in Dalarna, The court heard evidence in Shermanborough,,28610,17913
721, school teacher incurrently detained in Carlisle, school teacher incurrently detained in Perezfurt,,20919,29205
722, in the territory of Aoiz, in the territory of Kellybury,,528,10711
723, school teacher incurrently detained in Haute, school teacher incurrently detained in Morrisfurt,,1133,29205
724, The court in Yalova, The court in Kristinafurt,,10071,29205
725, in the area of Sucha, in the area of Paulmouth,,64,14775
726, in the territory of Tännäs, in the territory of Esparzachester,,82,1706
727, in the territory of Galatasaray, in the territory of Rachelfort,,323,419
728, into existence in Amsterdamer, into existence in Wilcoxfurt,,2382,3325
729, lawyers practising in Radom, lawyers practising in Robertside,,296,485
730, in the territory of Strangeways, in the territory of Ellisside,,43613,485
731, in the territory of Hertfordshire, in the territory of Caitlinmouth,,10932,14775
732, into existence in Starnberg, into existence in Phillipshaven,,3900,4005
733, in the area of Prat, in the area of Rogersland,,265,1044
734, The court heard evidence in Bovington, The court heard evidence in Nicolastown,,1122,593
735, in the territory of Carnforth, in the territory of Robbinshaven,,25718,39487
736, in the area of Aghinlig, in the area of Jessicachester,,4604,1706
737, into existence in Egelsee, into existence in Boyleshire,,3826,10695
738, school teacher incurrently detained in Harburg, school teacher incurrently detained in Loveton,,7423,1122
739, in the territory of Koszalin, in the territory of Lewistown,,14414,593
740, in the territory of Amvosios, in the territory of Mcgrathchester,,4267,35983
741, into existence in Konnerud, into existence in Stevestad,,463,324
742, lawyers practising in Fót, lawyers practising in Tarashire,,83,557
743, into existence in Rugby, into existence in Greenland,,26244,30155
744, The court in Armoured, The court in Catherinefort,,8167,3319
745, The court heard evidence in Ogoz, The court heard evidence in Payneland,,89,392
746, in the territory of Salles, in the territory of Mathishaven,,274,4005
747, into existence in Katowice, into existence in Loriview,,501,769
748, lawyers practising in département, lawyers practising in Stephenshaven,,972,4005
749, in the area of Montjoly, in the area of Davisside,,3366,485
750, in the area of Kyrenia, in the area of Larsenview,,544,1177
751, lawyers practising in Béziers, lawyers practising in Daughertyton,,3183,1122
752, in the area of Wronki, in the area of Caitlinstad,,4106,24107
753, lawyers practising in Mountjoy, lawyers practising in Bentleyport,,2633,634
754, into existence in Giresun, into existence in Ashleyside,,403,485
755, school teacher incurrently detained in Dunton, school teacher incurrently detained in Johnberg,,1122,3900
756, lawyers practising in Mangous, lawyers practising in Annafort,,516,24515
757, The court heard evidence in Horkheim, The court heard evidence in Barbaraborough,,9096,619
758, in the territory of Lausanne, in the territory of Sandovalberg,,21952,3900
759, lawyers practising in Hertford, lawyers practising in Thomasmouth,,3841,14775
760, school teacher incurrently detained in Cornhill, school teacher incurrently detained in Fosterfurt,,12639,29205
761, in the area of Kolumna, in the area of Clineshire,,2616,10695
762, in the territory of Kallithea, in the territory of Camachoville,,21632,8270
763, in the territory of Gwent, in the territory of Jonesview,,19963,1177
764, into existence in Łask, into existence in Jonestown,,2093,593
765, in the area of Trondheim, in the area of Hughesside,,9096,485
766, The court heard evidence in Osiedle, The court heard evidence in Nicholechester,,293,35983
767, into existence in Bologna, into existence in Juliestad,,2616,324
768, school teacher incurrently detained in Żary, school teacher incurrently detained in Tranmouth,,560,14775
769, The court in Bordj, The court in Stephanieburgh,,73,9228
770, into existence in Evci, into existence in Barnesfurt,,979,29205
771, The court heard evidence in Rhin, The court heard evidence in Colemanmouth,,259,14775
772, into existence in Rudnik, into existence in Martinland,,17187,1044
773, into existence in Nazilli, into existence in Williammouth,,50173,14775
774, The court in Roslag, The court in Garyville,,30909,4244
775, The court heard evidence in Bingley, The court heard evidence in Robinsonchester,,1636,35983
776, The court in Dison, The court in Henryland,,1653,1044
777, The court in Ville, The court in Martinezchester,,8270,35983
778, into existence in Illertissen, into existence in Tanyamouth,,268,1536
779, in the territory of Neuilly, in the territory of Ninaport,,6548,419
780, The court heard evidence in Landau, The court heard evidence in Bryanchester,,559,8911
781, lawyers practising in Champagny, lawyers practising in Stephanieton,,3281,261
782, into existence in Muş, into existence in Smithview,,46481,1177
783, lawyers practising in Hagen, lawyers practising in Sarahville,,11286,4244
784, lawyers practising in Lumbier, lawyers practising in Jonestown,,959,593
785, school teacher incurrently detained in Sosnowiec, school teacher incurrently detained in Mcculloughstad,,66,24107
786, The court heard evidence in Wielkopolski, The court heard evidence in Cynthiaburgh,,4106,456
787, The court in Ferté, The court in Lauramouth,,2634,1536
788, school teacher incurrently detained in Tsioppi, school teacher incurrently detained in Nolantown,,72,593
789, in the territory of Bayreuth, in the territory of Lorichester,,1071,19593
790, lawyers practising in Erlangen, lawyers practising in Claudiaside,,268,485
791, in the territory of Bielsko, in the territory of Boydfurt,,7204,3325
792, school teacher incurrently detained in Stuttgart, school teacher incurrently detained in Donnaville,,41651,8270
793, in the territory of Vevey, in the territory of Douglasburgh,,3304,9228
794, in the territory of Thorfeld, in the territory of Wheelerbury,,16265,10711
795, in the area of Chertsey, in the area of Thomasside,,4397,485
796, in the area of Area, in the area of Maryland,,9498,10769
797, The court in Finisterre, The court in Douglaston,,260,45966
798, school teacher incurrently detained in Młyn, school teacher incurrently detained in Turnermouth,,2047,1536
799, The court heard evidence in Kielce, The court heard evidence in Kaylaville,,344,8270
800, The court in Kassel, The court in Wigginsfort,,741,3319
801, lawyers practising in Namysłów, lawyers practising in Mckinneymouth,,86,14775
802, The court in Zielona, The court in Jefferyborough,,4450,17913
803, in the territory of Słupsk, in the territory of Coopertown,,74,593
804, school teacher incurrently detained in Pyrénées, school teacher incurrently detained in Melissamouth,,274,1536
805, The court in Belen, The court in Adamside,,268,1589
806, The court heard evidence in Caen, The court heard evidence in Josephshire,,268,10932
807, in the area of Cadiz, in the area of Marcusfurt,,528,29205
808, The court in Gallur, The court in Nicholasfort,,333,3319
809, in the territory of Tumbledown, in the territory of Medinaton,,593,13951
810, The court heard evidence in Morphou, The court heard evidence in Taylorfurt,,280,29205
811, The court in Cloveneden, The court in Marissatown,,31829,41079
812, school teacher incurrently detained in İstanbul, school teacher incurrently detained in Suzanneport,,24179,45813
813, in the territory of Pratteln, in the territory of Thomasland,,45542,1044
814, lawyers practising in Cantabria, lawyers practising in Butlerville,,7496,33487
815, The court in Pano, The court in Mortonchester,,5733,35983
816, in the territory of Podlaska, in the territory of Marcton,,8480,261
817, The court heard evidence in Trabzon, The court heard evidence in Waltermouth,,26361,1536
818, in the territory of Bork, in the territory of Sarahton,,967,1122
819, school teacher incurrently detained in Bozcaada, school teacher incurrently detained in Phelpsside,,4763,485
820, in the territory of Bitlis, in the territory of Andrewmouth,,27999,14775
821, The court heard evidence in Nettetal, The court heard evidence in Bishoptown,,282,593
822, The court in Pölten, The court in Lesliefurt,,1452,3325
823, school teacher incurrently detained in Hallabro, school teacher incurrently detained in Yumouth,,305,1536
824, in the area of Troschenreuth, in the area of Trujillobury,,1071,1601
825, lawyers practising in Fabryczny, lawyers practising in Caitlintown,,3281,593
826, in the area of Elgoibar, in the area of Lisaburgh,,283,456
827, in the territory of Dadaş, in the territory of Bakerview,,46481,769
828, school teacher incurrently detained in Tyrol, school teacher incurrently detained in Wolfhaven,,3225,39487
829, The court in Ahoghill, The court in Mariaton,,359,261
830, in the territory of Salzburg, in the territory of Lorichester,,7423,19593
831, The court in Schifferstadt, The court in Laceychester,,38863,35983
832, school teacher incurrently detained in Summerfields, school teacher incurrently detained in Fordborough,,25747,17913
833, The court in Demosthenous, The court in Cabreraland,,516,392
834, into existence in Wołów, into existence in Romerofort,,86,419
835, The court in Stargard, The court in Michaelmouth,,446,14775
836, school teacher incurrently detained in Olsztyn, school teacher incurrently detained in Mckenziemouth,,77,46880
837, in the area of Eisenstadt, in the area of Bensonport,,38863,634
838, in the area of Silopi, in the area of Alejandroville,,72,4244
839, The court heard evidence in Bonn, The court heard evidence in Davidbury,,77,10711
840, The court in Pruszcz, The court in Rachelfurt,,26691,3325
841, The court in Amvrosios, The court in Mccallburgh,,4267,9228
842, into existence in Opole, into existence in Randyport,,2305,634
843, lawyers practising in Yamanlar, lawyers practising in Webbfurt,,21681,3325
844, lawyers practising in Góra, lawyers practising in Vasquezchester,,430,35983
845, school teacher incurrently detained in Rockwood, school teacher incurrently detained in Williamburgh,,3822,9228
846, in the area of Tuusula, in the area of Mcleanborough,,4712,17913
847, The court in Kaisheim, The court in Codyside,,9096,485
848, school teacher incurrently detained in Roca, school teacher incurrently detained in Nixonmouth,,11216,14775
849, in the area of Seine, in the area of Christopherside,,500,1589
850, The court in Ostrów, The court in Cordovamouth,,86,1536
851, in the area of Mońki, in the area of Jessicabury,,4106,1601
852, lawyers practising in Sofia, lawyers practising in Clayburgh,,544,9228
853, lawyers practising in Mogadishu, lawyers practising in Leeborough,,84,7985
854, The court in Pedrola, The court in Joshuaton,,64,13951
855, The court in Sokołów, The court in Delgadochester,,86,19593
856, into existence in Peristerona, into existence in Andreafurt,,4450,3325
857, in the area of Ernstbrunn, in the area of Angelafurt,,20935,3325
858, into existence in Kola, into existence in Brittanyburgh,,5708,9228
859, The court in Seychelles, The court in Arellanofort,,274,419
860, in the territory of Freiburg, in the territory of Andreastad,,3686,324
861, school teacher incurrently detained in Luisenplatz, school teacher incurrently detained in Barajasmouth,,27906,1536
862, school teacher incurrently detained in Cartagena, school teacher incurrently detained in Oneillberg,,8107,3900
863, in the territory of Beznau, in the territory of Staceyhaven,,559,39487
864, The court heard evidence in Izh, The court heard evidence in Blackside,,23548,1589
865, in the area of Onex, in the area of Duncanport,,87,634
866, The court heard evidence in Runnymede, The court heard evidence in Bentleyshire,,68,10695
867, in the territory of Frastanz, in the territory of Deleonview,,35410,1177
868, lawyers practising in Karamanou, lawyers practising in Warnerside,,280,485
869, in the area of Dunfermline, in the area of Danielland,,1370,392
870, lawyers practising in Luisenstraße, lawyers practising in Rebeccahaven,,68,4005
871, into existence in Birecik, into existence in Trevinohaven,,74,4005
872, The court heard evidence in Elblag, The court heard evidence in Greeneborough,,363,7985
873, lawyers practising in Bursa, lawyers practising in Jamesside,,64,485
874, The court heard evidence in Edgware, The court heard evidence in Collinston,,1574,3743
875, The court in Killen, The court in Smithville,,268,4244
876, in the territory of GDR, in the territory of Smithview,,7707,1177
877, The court heard evidence in Legnica, The court heard evidence in Alicialand,,3970,392
878, in the territory of Gdansk, in the territory of Robinfurt,,34738,3325
879, in the territory of Çorum, in the territory of Kellerside,,19220,485
880, in the territory of Humanisten, in the territory of Jasontown,,268,593
881, The court in Réunion, The court in Knightside,,24592,1589
882, in the area of Ostróda, in the area of Colleentown,,6814,593
883, in the territory of Bayonne, in the territory of Markstad,,47476,24107
884, in the area of Glostrup, in the area of Robbinston,,12618,3743
885, The court in İzmir, The court in Merrittview,,10793,1177
886, lawyers practising in Maritimes, lawyers practising in Lisashire,,999,557
887, lawyers practising in Pontevedra, lawyers practising in Cisnerosstad,,430,24107
888, into existence in Tenerife, into existence in Staceychester,,901,35983
889, into existence in Heywood, into existence in Sanchezfurt,,3822,29205
890, in the area of Fribourg, in the area of Amandaport,,70,419
891, in the territory of Styrsö, in the territory of Michealshire,,9101,10695
892, lawyers practising in Anzing, lawyers practising in Hernandezfurt,,9510,29205
893, The court heard evidence in Salou, The court heard evidence in Gambleton,,280,1122
894, lawyers practising in Bromford, lawyers practising in Emilychester,,3841,35983
895, in the area of Kiln, in the area of Derekville,,77,4244
896, The court heard evidence in Areszt, The court heard evidence in Meghanfort,,83,3319
897, in the area of Memnon, in the area of Marvinview,,13159,1177
898, into existence in Waizenkirchen, into existence in Maldonadoborough,,831,7985
899, lawyers practising in Drammen, lawyers practising in Collinsfurt,,3653,29205
900, into existence in Ayia, into existence in Sullivanbury,,544,10711
901, The court heard evidence in FRG, The court heard evidence in Smithfurt,,38,29205
902, lawyers practising in Tarragona, lawyers practising in Makaylamouth,,64,1536
903, in the territory of Masserene, in the territory of Turnermouth,,25924,1536
904, in the territory of Frastranz, in the territory of Guerraberg,,89,6422
905, lawyers practising in Biała, lawyers practising in Merrittmouth,,64,14775
906, in the territory of Kanaris, in the territory of Perezton,,20066,1122
907, lawyers practising in Kronoberg, lawyers practising in Barbarachester,,70,1706
908, in the territory of Hessen, in the territory of Stephanieville,,44483,4244
909, The court heard evidence in Cizre, The court heard evidence in Martintown,,260,593
910, The court heard evidence in Otwock, The court heard evidence in Colinshire,,735,10695
911, in the territory of Klagenfurt, in the territory of Williamsshire,,29205,10695
912, in the territory of Ghent, in the territory of Kennethchester,,6925,35983
913, in the area of Graz, in the area of Leeland,,3247,8822
914, in the area of Yelverton, in the area of Penashire,,1122,557
915, in the area of Opolskie, in the area of Romerofurt,,494,3325
916, in the territory of Larnaca, in the territory of Andreamouth,,22260,1536
917, into existence in Llobregat, into existence in Nelsonside,,265,485
918, school teacher incurrently detained in Colnbrook, school teacher incurrently detained in Brandtfort,,19094,3319
919, The court in Steyr, The court in Harrisborough,,2417,17913
